Column 01,Column 02,Column 03,Column 04,Column 05,Column 06,Column 07,Column 08,Column 09,Column 10
She was hiding out in a neighbors very forested yard,April 2024,- Pet was hidden nearby<br>- Responded to quiet signals,https://nextdoor.com/p/dJqQWGdhZL7t?utm_source=share&extras=NTgxOTU1Mzc%3D&utm_campaign=1713799116029,,,,,,
,,,,,,,,,
,,,,,,,,,
,,,,,,,,,
,,,,,,,,,
,,,,,,,,,
,,,,,,,,,
,,,,,,,,,
,,,,,,,,,
,,,,,,,,,
,,,,,,,,,
,,,,,,,,,
,,,,,,,,,
,,,,,,,,,
,,,,,,,,,
,,,,,,,,,
,,,,,,,,,
,,,,,,,,,
,,,,,,,,,